C001,Alice,alice@example.com,12345,12345678,123 Street,0
S001,Bob,bob@example.com,12345,87654321,456 Avenue,0
A001,Charlie,charlie@example.com,password,11223344,789 Boulevard,0
S1743521054049,esther,esther@gmail.com,password,88888888,123 Snowy,0
C002,snowy,snowy@dog.com,password,12348888,Greece,0
C005,Themis,themis@ntu.com,password,11112222,90 Nanyang Road,0
C1744101840345,leo,leo@example.com,PW8160,12345656,NTU,1
A002,chiikawa,chiikawa@nagoya.com,PW8942,12349999,123 Street,1
C1744123328148,test,test@test.com,PW3373,99999999,123 street,1
